first_name,last_name,email,gender,birthday
Candie,Huddlestone,chuddlestone0@discovery.com,Female,1990/05/02
Nikki,Aldie,naldie1@issuu.com,Male,1958/08/01
Wenona,Lofthouse,wlofthouse2@mediafire.com,Female,1983/05/16
Rosa,Keal,rkeal3@prlog.org,Female,1954/01/06
Dennie,Lassells,dlassells4@yandex.ru,Female,1955/02/05
Beauregard,Morcom,bmorcom5@mediafire.com,Male,1935/08/06
Ahmed,Bamlett,abamlett6@yolasite.com,Bigender,1956/09/07
Modesty,Toe,mtoe7@princeton.edu,Female,1965/01/26
Logan,Leyrroyd,lleyrroyd8@latimes.com,Male,1947/08/09
Lissi,Mervyn,lmervyn9@free.fr,Female,1951/08/12
